jawa,indo
aba,perintah
abah-abah,pelana
abang,merah
abot,berat
abur,terbang
adang,manak nasi
adeg,berdiri
adeg-adegan,sambil berdiri
adhem,dingin
adhem panas,demam
adhep,hadap
adhep-adhepan,berhadapan
adhi,adik
adi-adi,manja
adoh,jauh
adol,jual
adon,sabungan
adon,sabungan
adon-adon,sabungan
adu,menyambung
adu arep,berhadapan
adu-adu,mengadukan
adus,mandi
agama,agama
age-age,cepat-cepat
aja,jangan
dangan,takaran berat
dang-dangan,hasil nanak nasi
kabotan,keberatan
kadhemen,kedinginan
kadohan,terlalu jauh 
mabur,terbang
madep,menghadap
ngabani,memerintah
ngadeg,berdiri
ngadep,menghadap
ngadi-gadi,bermanja
ngadoh,menjauh
ngedol,menjual
ngedu,menyambung
padu,tengkar mulut
padusan,tempat mandi
padusan,mandi sebelum puasa
aji,nilai
ngajeni,menghargai
pangaji,bernilai
aju ,maju
maju ,maju
ngajokake,mengajukan
ayake,barangkali
ayo,"mari,silahkan"
akeh,banyak
kakehan,terlalu banyak
akeh-akehe,"banyak,umumnya"
akon,suruh
aksama,ampun
aku,saya
ngaku,mengaku
ngakoni,mengaku
diaku,diakui
akon-akon,dianggep
ngaku-ngaku,mengakui sebagai
ala,jelek
piala,kejelekan
ala-ala,meskipun jelek
ngala-ala,menjelek-jelekan
alang,"aral,halangan"
langan,halangan
ngalang-alangi,menghalangi
alas,hutan
"alih,elih",pindah
alis,alis
amarga,karena
"amba,jembar",luar
ngambak-ake,memperluas
ambu,bau
ngambu,mencium
ambon-ambon,bau-bauan
ambung,cium
ngambung,menciumi
amit,minta maaf
ampir,singgah
ana,ada
nganakake,mengadakan
kahanan,keadaan
ana dene,adapun
anak,anak
manak,bersalin
anak-anak,beranak
andel,percaya
piandel,kepercayaan
ngeneni,menuai
anom,muda
antara,antara
anti,tunggu
nganti,sampai
nganti-nganti,menunggu-nunggu
anut,"turut,ikut"
angger,asalkan
angon,menggembala
pangon,penggembala
"ayang,enyang",tawar
nganyang,menawar
anyang-anyangan,tawar-menawar
anyar,baru
apa,apa
apal,hafal
apalan,hafalan
apik,"baik,bagus"
apura,maaf
ngapura,memaafkan
apura-ingapura,saling memaafkan
"aran,jeneng",nama
aran ,nama(barang)
ngarani,menyebut
arang,jarang
arang-arang,jarang
"arep,doyan","mau,sudi"
arep,hadap
ngarep,di depan
ngarepan,di bagian depan
ari,adikari
ari-ari,ari-ari
asor,rendah
kasoran,kalah
ngasor,mengalah
asu,anjing
ati,hati
aten-aten,pikiran
ati-ati,hati-hati
ngati-ati,berhati-hati
awak,"badan,tubuh"
ngawaki,melakukan sendiri
awan,siang
kawanen,kesiangan
awan-awan,siang-siang
ayo,mari/silahkan
"bae,wae",hanya(saja)
bacut,lantas terlanjur
kebacut,terlanjur
bayi/bayen,melahirkan
bakal,akan
bako,tembakau
baku,pokok
mbakoni,menjadi pokok
bali,kembali
bola-bali,berkali-kali kembali
balung,tulang
banda,borgol
bebandan,tawanan
banjir,banjir
banjur,kemudian
kebanjur,terlanjur
banget,"sangat, amat"
kebangeten,keterlaluan
banget-banget,terlalu
bantal,bantal
bantalan,bantalan
banyu,air
"bapa,bapak",ayah
bareng,bersama
bebaregan,bersama(datang)
"barep,mbarep",sulung
bata,batu bata
batin,"batin,isi hati"
mbatin,memikir
kebatinan,kebatinan
"batu,watu",batu  
batur,pembantu
mbatur,mengabdi
mbaturi,menemani
bathik,bathik
mbathik,membathik
bathikan,bathikan
bathuk,dahi
bebed,jarik (untuk pria)
bebedan,memakai jarik
bebek,itik
beda,beda
bedudan,pipa rokok
bekti,hormat
ngabekti,berbakti
"ben,kareben",biar
bengi,malam
kewengen,kemalaman
beras,beras
besuk/sesuk,besok
becik,baik 
mbeciki,berbuat baik
kebecikan,kebaikan
biyen,dahulu
mbiyene,dahulunya
bisa,dapat
bobot,berat
bojo,suami-istri
bokong,pantat
bolah,benang
boreh,bedak
bocah,anak
brengos,kumis
bubar,selesai
"bubrak, rusak",rusak
budi,"budi, pikir"
budhal,berangkat
budahalan,bubaran
bungah,gembira
bungah-bungah,bergembira
mbungahi,sangat gembira
bupati,bupati
buri,belakang
buru,kejar
mburu,mengejar
beburu,berburu
butuh,butuh
kebutuhan,kebutuhan
buwang,buang
cangkem,mulut
"chedak, cerak",dekat
cekel,pegang
nyekel,memegang
celathu,bicara
celeng,babi hutan
endhek,"pendek, rendah"
cengel,tengkuk
cilik,kecil
cilikan,yang kecil
cilikan aten,mudah putus asa
coba,coba
pacoban,percobaan
cerita,cerita
cukup,cukup
kecukupan,kecukupan
cukur,cukur
cumbana,sanggama
dadah,memijit
dadi,jadi
dumadi,menjadi
kedadeyan,terjadi
dagang,dagang
dalan,jalan
dandan,berhias
ndandani,merias
dawa,panjang
ndedawa,memper-panjang
deleh,"taruh, letak"
ndelehaken,meletakkan
deleng,lihat
ndeleng,melihat
sapendeleng,sepenglihatan
erma,amal
sadrema,hanya karena
desa,desa
padesan,pedesaan
dhadha,dada
dhayo,tamu
dhek,ketika
dhemen,"senang, suka"
dhemenan,kesenangan
dhengkul,lutut
dhewe,sendiri
dheweke,dia
dhisik,dahulu
dhuwit,uang
dhuwur,"luhur, tinggi"
di-,di
dina,hari
padinan,harian
dluwang,kertas
dodot,kain
dokok,letak
ndokokake,meletakkan
doyan,mau 
"dol,adol",jual 
dol tinuku,jual beli
dolan,main-main
dom,jarum
dudu,bukan
duga,duga
kaduga,kira-kira mampu
dulur,saudara
sedulur,saudara
paseduluran,persaudaraan
durung,belum
sadurunge,sebelumnya
edan,gila
kedanan,tergila-gila
eling,"ingat, sadar"
kelingan,teringat
ngeling-eling,mengingat-ingat
ngelingi,mengingat 
elmu,ilmu
"elu, melu",ikut
eluh,air mata
emas,emas
embah,kakek
embuh,tidak tahu
embun-embun,ubun-ubun
embok,ibu
enak,enak
kepenak,enak perasaan
kepenak,sembuh dari sakit
"endem,mendem",mabuk
endi,mana
endas,kepala
endheg,henti
mandheg,berhenti
ngendheg-ake,menghentikan
endhog,telur
ngendhog,bertelur
"eneng,meneng",diam
ngenengake,membiarkan
ener,arah
ngener,menuju ke
pener,tepat
"engo,anggo",pakai
kanggo,untuk
nganggo,memakai  
enggon,tempat  
manggon,tinggal
ngenggoni,menempati
panggonan,tempat 
enom,muda 
enom-enoman,masa muda
entek,habis
kentekan,kehabisan
epek,ambil
ngepek,mengambil
ngepekake,mengambilkan
enya,silahkan ambil
gadhe,ganti
nggadhe,mengganti
gaman,alat
gamelan,gamelan
gampang,mudah  
nggampangake,meremehkan
ganti,ganti
ngganti,mengganti
gati,penting
wigati,penting
kawigaten,perhatian
gawa,bawa
nggawa,membawa
gawan,bawaan
gawe,bekerja
gedhang,pisang
gedhe,besar
penggedhe,pembesar
geger,punggung
gelang,gelang
gelem,mau 
geleman,penurut
gelung,gelung
geneya,mengapa
genep,lengkap
nggenepi,melengkapi 
geni,api 
genti,"gilir, ganti"
gentenan,bergilir
gering,kurus
gering,sakit
getih,darah
githok,tengkuk
godhong,daun
gegodhongan,dedaunan
golek,cari
golek-golek,mencari-cari
golekan,yang dicari
nggoleki,mencari 
goroh,bohong
gugah,bangun
gugat,adu
gugu,taat
gula,gula
gulu,leher
guna,guna
nggunakake,menggunakan
gunem,bicara
guneman,berbicara
gunung,gunung
pegunungan,pegunungan
guyu,tawa
gumuyu,tertawa
guyon,berkelakar
nggeguyu,menertawakan
idu,ludah
ijo,hijau
ijoan,undangan lisan
ijol,tukar
ika,itu
iket,ikat kepala (jawa)
iki,ini
iku,itu
ilang,hilang
kelangan,kehilangan
"ilo, pengilon",cermin
imbu,peram
imbon,peraman
imbuh,tambah makan
inep,inap
nginep,bermalam
inten,intan
ingu,piara
ingon-ingon,ternak piaraan
ngingu,memelihara
"iring,ngiring",mengiring
ireng,hitam
irung,hidung
isih,masih
isin,malu
ngisin-isinake,memalukan
ngisim-isim,memalukan
"ising, ngising",buang hajat
"iso, asor",bawah
ngisor,di bawah
iwak,"ikan, daging"
jaba,luar
kejaba,kecuali
njaba,diluar
jaga,jaga
jago,"jago,calon"
njagokake,mencalonkan
jagong,duduk
jangongan,duduk-duduk
jalu,taji
jaluk,pinta
njaluk,minta
jam,jam
jamu,jamu
jejamu,berobat
njamoni,mengobati
janggut,dagu 
jaran,kuda
"jare, ujare",katanya
"jarit, jarik",kain panjang
jaritan,pakal kain panjang
jarwa,arti
njarwakake,menjelaskan
jati,"jati,inti"
kayu jati,kayu jati
sejati,sejati
jawa,jawa
njawani,seperti jawa
jeneng,nama
jenggot,janggut
jero,dalam
menjero,masuk
njerokake,memperdalam
jeruk,jeruk
joged,tari
jogedan,tarian
njoged,menari
jungkat,sisir
jungkatan,bersisir
njungkati,menyisir
jupuk,ambil
njupuk ,mengambil
njupuki,mengambil berkali-kali
njejupuk,mencuri
kabeh,semua
kacek,beda
kinacek,istimewa
"kaji,ngaji",mengaji
pengajian,pengajian
munggah kaji,naik haji
kakang,"kakak,abang"
kalah,kalah
ngalah,mengalah
kali,sungai
kalung,kalung
kambil,kelapa
kamituwa,pimpina desa
kana,sana
kanca,teman
kandha,berkata
kapan,kapan
kapan,kapan 
karep,kehendak
karepe,biarlah
kekarepan,kehendak
kari,tertinggal
kari-kari,ternyata
karo,dengan
karo-karone,keduanya
karuwan,"tentu, pasti"
ora karuwan,tidak tentu
kathok,celana
kathokan,bercelana
ke-(ka-),ke...
kebo,kerbau
"kelar,kuwat",kuat
keluron,keguguran
kembang,"kembang,bunga"
kembangan,hiasan
kekembangan,bunga-bungaan
kembang telon,bunga tiga warna
kemenyan,kemenyan
kemu,kumur
kekemon,berkumur
kemul,selimut
kemulan,berselimut
kena,boleh
kena,boleh
ngenani,mengenai
kene,sini
mengkene,begitu
kepriye,bagaimana
kepung,dikelilingi
kepungan,kenduri
kerep,sering
keris,keris
kesusu,tergesa-gesa
ketara,kentara
ngetara,menampakkan diri
ngetarani,menunjukkan tanda
ketok,kelihatan
ketok-ketoken,terbayang
kijing,nisan
kiyi,ini
kinang,sirih
kira,kira 
kira-kira,kira-kira  
ngira,mengira
kirim,kirim
ngirim,mengirim
klambi,baju
klasa,tikar
kleru,keliru
klumpuk,kumpul
klumpukan,kumpulan
nglumpuk,berkumpul
kok (ko-),kau-
"kon,kongkon",suruh
kongkonan,suruhan
kono,situ
kono,kamu
kowe,"kamu,anda"
kramas,mandi jamas
krasa,terasa
krasan,"kerasan, betah"
kringet,keringat
kubur,kubur
kuburan,kuburan
ngubur,mengubur
kudu,harus
kelair,terlahir
kelairan,kelahiran
lair batin,lahir batin
laki,suami
laku,jalan
laku lakon,cerita
kelakon,terlaksana
mlaku-mlaku,jalan-jalan
nglakoni,menjalankan
mlaku,berjalan
lali,lupa
kelalen,terlupa
lalen,pelupa
lambe,bibir
lanang,"pria, lelaki"
lanangan,jantan
lara,sakit
kelara-lara,sakit hati
kelaran,kesakitan
lelara,penyakit
nglarani,menyakiti
larang,mahal
nglarangake,jual lebih mahal
nglarangi,berani beli mahal
lawang,pintu
lawas,lama
lawasan,"bekas, sudah lama"
lawe,dua puluh lima
lebu,dalam
kelebu,termasuk
kelebon,kemasukan
lebon,pemasukan
mlebu,masuk
"lek, melek",terjaga
lek-lekan,berjaga
lemah,tanah
palemahan,bidang tanah
lemari,almari
lembut,"lembut, halus"
lelembut,roh halus
lemu,"gemuk, subur"
nglelemu,mempergemuk
leren,istirahat
nglereni,mengistirahatkan
lima,lima
liman,limaan
liru,"tukar, ganti"
liwat,lewat
keliwat,kelewat
lor,utara
lor-loran,sebelah utara
ngalor,ke utara
loro,dua
karo-karone,kedua-duanya
sakloron,berdua
luku,bajak
mluku,membajak
lulang,kulit
walulang,kulit
lumrah,biasa
kalumrahan,"kebiasaan, adat"
lunga,pergi
lungan,bepergian
lungguh,duduk
kalungguhan,kedudukan
luput,salah
kaluputan,kesalahan
luwih,lebih
keluwihan,kelebihan
linuwih,"luar biasa, hebat"
madu,madu
maling,pencuri
kemalingan,kecurian
mamah,mengunyah
mana,(se) kian
semana,sekian
mandheg,berhenti
maneh,"lagi, tambah"
manuk,burung
mangkana,"demikian, begitu"
mengkene,"demikian, begini"
mari,sembuh
marekake,menyembuhkan
mareni,berhenti dari
mata,mata
mati,mati
kepaten,kehilangan karena mati
mateni,membunuh
mau,tadi
mawa,dengan
mawa-mawa,tergantung
mayit,jenazah
melu,turut
melu-melu,ikut-ikutan
menang,menang
menawa,"jika, kalau"
menjangan,rusa
mengko,nanti
mentas,baru
menyang,ke... 
merga,karena
meteng,hamil
minggat,melarikan diri
mono,demikian
semono,demikian
"mor, amor",kumpul
mori,kafan
mot,muat
kamot,memuat
muga-muga,mudah-mudahan
mula,maka
mundhak,tambah
mung,hanya
mungguh,mengenai
mungsuh,"musuh, lawan"
mungsuhan,bermusuhan
murah,murah
kemurahan,kemurahan
murahan,murahan
murah-murahan,serba murah
muring,marah
muring-muring,marah-marah
mutah,muntah
mutawatir,bahaya
mutawatiri,berbahaya
mutawatirake,membahayakan
muwah,dan juga
nagara,"negara, kota"
nesu,marah
nesoni,memarahi
ngelak,haus
ngelu,pusing
ngenger,mengabdi
ngerti,tahu
pangerten,pengertian
kangerien,ketahuan
"nom, enom",muda
nuli,"lalu, cepat"
tumuli,segera
obah,bergerak
obong,bakar
kobong,terbakar
kobongan,kebakaran
oleh,dapat
oleh,boleh
oleh-oleh,oleh-oleh
omah,rumah
omah-omah,"kawin, nikah"
pomahan,pekarangan
somah,"suami, istri"
ombe,minum
omben-omben,minuman
ngombe,minum
"omong, catur",bicara
omong-omong,bercakap-cakap
opah,upah
opahan,bayaran
ngopahi,mengupah
ompong,ompong
era,tidak
ora-orane,tidak mungkin
rupak,sempit
rusak,rusak
rusuh,rusuh
ngrusuhi,mengganggu
sabuk,sabuk
saguh,sanggup
saiki,sekarang
saji,melayani
sajen,sajian
saka,dari
salah,salah
salin,ganti pakaian
nyalird,mengganti
salin-salin,berganti-ganti
sambung,sambung
sesambungan,berhubungan
samubarang,segala sesuatu
sangga,sangga/angkat
sapa,siapa
sapi,sapi
sarwa,serba
sasi,sasen-sasen
sasen-sasen,berbulan-bulan
sawah,sawah
pesawahan,persawahan
se-/sa-,satu
sebar,sebar benih padi
nyebar,menyebar benih
sebut,"mengatakan, sebut"
nyebut,menyebutkan
sebutan,nama
sedhela,sebentar
sedheng,cukup
sedhengan,cukupan
sega,nasi
sumega,baru senang makan
segara,laut
seje,lain
seje-seje,lain-lain
"seka, saka",dari
selawe,dua puluh lima
semana,sekian itu
semaya,menangguhkan
sembelih,menyembelih
semono,sebesar itu
sendhok,sendok
seneng,"senang, cinta"
nyenengake,menyenangkan
nyenengi,mencintai
maro,membagi dua
nyeparo,masing-masing separo
sepi,"sunyi, sepi"
nyepi,menyendiri
sepi ing pamrih,tanpa pamrih
seprana,sejak dahulu
seprene,sampai sekarang
seru,keras (suara) 
sesuk,besok
sesuk-esuk,besok pagi
setali,25 sen
sethithik,sedikit
si,si (kata sandang) 
sida,jadi
siji,satu
sikil,kaki
sikut,siku
silih,pinjam
silihan,pinjaman
nyilih,meminjam
sing,yang
slamet,selamat
slametan,selamatan
sok,kadang-kadang
sok uga,mungkin
sore,sore
sore-sore,pada sore hari
sranta,sabar
sranti,tunggu
srengen,marah
nyrengerd,memarahi
srengenge,matahari
suguh,jamuan
suguhan,jamuan
nyuguh,menjamu
suket,rumput
sumurup,tahu
sunat,khitan
supaya,supaya
surasa,arti
suruh,sirih
nyuruhi,mengundang
surup,petang
surup srengenge,matahari terbenam
kesurupan,sampai petang
susah,susah
susah ati,susah hati
susu,susu
nusu,menyusu
suson,masih menyusu
susur,sugi
susuran,bersugi
suwara,suara
nyuwara,menegur
suwarga,"surga, almarhum"
suwe,lama
suwe-suwe,lama-kelamaan
suwening-suwe,lama-kelamaan
kesuwen,terlalu lama
nyuweni,membuat lama
suweng,subang
tai,"tahi, tinja"
"tak-, dak-",saya
takon,bertanya
tali,tali
tamba,obat
tampa,terima
tandur,tanam
tangan,tangan
nangani,mengerjakan
tanda tangan,tanda tangan
tangga,tetangga
tangga teparo,para tetangga
tanggung,tanggung
ketanggungan,kurang banyak
nanggung,menanggung
tangi,bangun
tangis,menangis
tapel,tapal
tapih,kain wanita
tari,"tanya, tawar"
nari,nawarkan
tau,pernah
tawa,tawar
tebu,tebu
teka,datang
katekan,kedatangan
tekan,tiba/sampai
katekan,kesampaian
teken,tongkat
telu,tiga
tembaga,tembaga
tembang,"lagu, nyanyian"
nembang,menyanyi
"temen, tenan",sungguh
temenan,"sungguh, benar"
temu,temu
ketemu,bertemu
tepung,kenal
tetepungan,berkenalan
terus,terus
tetak,supit
tiba,jatuh
tilik,berkunjung
tinggal,tinggal
tonton,lihat
tontonan,pertunjukan
katon,terlihat
tuduh,memberitahukan
tuku,membeli
tulis,tulis
tulisan,tulisan
tuma,kutu rambut
tumbak,tombak
tuna,rugi
tunggal,"satu, tunggal"
setunggal,satu
tunggang,naik
tunggangan,kendaraan
tunggu,tunggu
turu,tidur
turon,berbaring-baring
turun,turun
tutu,tumbuk padi
nutu,menumbuk pagi
tutur,berkata
tuwa,tua
nuwani,bersikap tua
tetuwa,"sesepuh, tetua"
udakara,kira-kira
udan,hujan
kodanan,kehujanan
udhar,"kendor, tanggal"
udhun,turun
mudhun,turun
uga,juga
"ujar, nadar, kaul","janji, sumpah"
"ngujari, ngauli",berjanji untuk
ula,ular
ulat,raut muka
ulem,undangan
ngulemi,mengundang
ulih,pulang
mulih,pulang
umbel,ingus
umur,"umur, usia"
wis umur,dewasa
undang,panggil
ngundang,memanggil
undhak,tambah
undhakan,tambahan
unggah,naik
munggah,naik
unggah-unggahan,tanjakan
ungkur,belakang
mungkur,membelakang
uni,"bunyi, suara"
muni,bersuara
unen-unen,ungkapan
untu,gigi
upakara,pelihara
ngupakara,memelihara
upama,"umpama, misal"
urip,hidup
ngurip-urip,memelihara
panguripan,penghidupan
utama,utama
utang,pinjam
ngutang,meminjam
utawa,atau
uyah,garam
uyuh,kencing
nguyuh,kencing
waca,baca
maca,membaca
macakake,membacakan
waosan,bacaan
wadi,rahasia
"wadon,wedok","putri,perempuan"
wahing,bersih
wani,berani
kumawani,terlalu berani
wanti-wanti,nasehat keras
"waras,saras",sembuh
wareg,kenyang
warisan,warisan
warung,"kedai,warung"
marung,berkedai
waspada,waspada
watara,"antara,kira-kira"
watu,batu
watuk,batuk
matuki,bikin batuk
wedang,minuman
wedel,cat kain
medel,mewarnai kain
wedi,takut
memedi,hantu
wedhus,kambing
"weh,weweh",beri
menehi,memberi
wektu,waktu
wengi,malam
"werna,warna",warna
"werta,warta","berita,kabar"
weruh,"tahu,melihat"
kawruh,pengetahuan
meruhi,mengetahui
wesi,besi
wesi aji,pusaka
weteng,perut
meteng,hamil
wetu,keluar
metu,keluar
weton,hari kelahiran
wicara,bicara
wilang,hitung
milang,menghitung
wilangan,"bialngan,hitungan"
wis,sudah
wong,orang
wrangka,sarung keris
wudel,pusar
wudun,bisul
wudunen,sakit bisul
wulang,mengajar
wulangan,pelajaran
wuluh,"buluh,bambu"
wuning,"batal,gagal"
murungake,membatalkan
wuwuh,tambah
muwuhi,menambahkan
wuwuhan,tambahan
"ya,iya",ya
yaiku,yaitu
yekti,betul
sayekti,sebetulnya
kenapa angka iki diwaca selawe kok ora limalikur,"Mengapa angka ini dibaca ""selawe"" bukan dua puluh lima."
kenapa angka iki diwaca seket kok ora limangpuluh,"Mengapa angka ini dibaca ""seket"" mengapa tidak lima puluh"
lan kenapa angka iki diwaca sewidak kok ora nempuluh,"dan mengapa angka ini dibaca ""sewidak"", mengapa tidak enam puluh."
tibake iki ana artine,"Ternyata ini mengandung arti,"
ning aku yakin ora kabeh wong jawa mudeng babagan iki,tapi saya yakin tidak semua orang Jawa memahami hal ini.
menawa salah sijine iku sampean,Mungkin salah satunya adalah Anda.
iki sanepan,Ini adalah kiasan.
mergo ilmu kuwi kelakone kanthi laku,"Karena ilmu itu dapat digapai dengan usaha,"
mulo kanggo medar sanepan iki awake dewe ugo perlu laku sinau,"Maka untuk mengurai pesan ini, kita juga perlu usaha dengan belajar"
vidio iki tak gawe kanggo ngajak sampean mben sinau bareng,video ini saya buat untuk mengajak anda untuk belajar bersama
apa maksude jeneng angka-angka ing piwulang jawa kuwi,tentang apa makna bilangan dalam filosofi bahasa jawa.
monggo simak pol mben sampean ora salah tompo,Silahkan simak video ini sampai selesai agar anda tidak salah paham
ing vidio asal-usul nuswantara,"Di video asal usul nusantara,"
aku wes nyinggung sithik soal rumpun bahasa austronesia,saya sedikit menyinggung tentang rumpun bahasa Austronesia.
bahasa sing di enggo wong indonesia termasuk jawa sing tibake nduwe kemiripan karo,"Bahasa yang dituturkan orang Indonesia, termasuk bahasa Jawa, ternyata memiliki kemiripan dengan"
"bahasa champa, vietnam, lan kamboja","bahasa Champa, Vietnam, dan Kamboja."
mergo uripe kepisah ing tlatah sing beda lan dipisahke segoro,Karena kehidupan mereka terpisah di daratan yang berbeda dan dipisahkan oleh laut
sithik mboko sithik ing wektu sing dawa variasi bahasane dadi beda-beda,sedikit demi sedikit seiring waktu variasi bahasa mereka menjadi berbeda
lan ugo ngandut kearifan lokan seng beda,dan juga mengandung kearifan lokal yang berbeda
antara siji budaya lan liyane,antara satu budaya dengan budaya lainnya.
"ing budaya jawa, angka kuwi ora mung itung-itungan","Dalam budaya Jawa, angka bukan hanya soal hitung-hitungan."
ana maksud sing dikandung ing sajeroning sebutane,Ada maksud yang terkandung dalam penyebutannya.
ya kuwi babagan cakra manggilingan,Ini tentang Cakra Manggilingan.
dadi cakra maggilingan kuwi kebagi dadi loro makna,Jadi Chakra Manggilingan itu dibagi menjadi dua arti
ya iku makna makro utawa jagat gedhe,yaitu makna makro atau jagad gedhe
lan makna mikro utawa jagat cilik,dan makna mikro atau jagad kecil.
yen neng vidio sandurunge wes tak bahas seng jagat gedhe,Jika di vidio sebelumnya saya sudah membahas jagad besar
saiki nyerempet sithik soal jagat cilik,sekarang kita bahas sedikit tentang jagad kecil
utawa fase panguripane menungsa neng alam donya,atau fase-fase kehidupan manusia di alam duniawi.
iki ana gandheng rentenge karo sebutan angka,Ini ada hubungannya dengan penyebutan angka di jawa.
miturut pythagoras,"Menurut Pythagoras,"
hakekat tatanan alam semesta ana ing sajeroning angka,inti dari keteraturan alam semesta ada dalam angka.
,Angka adalah aturan alam semesta.
ing kawruh jawa kuwi kaya momentum,Dalam ilmu Jawa itu seperti momentum.
"welasan, likuran, selawe, seket, sewidak kuwi momentum","Belasan, dua puluhan, dua puluh lima, lima puluh, enam puluh adalah sebuah momentum"
"miturut ilmu fisika, momentum ya iku kuantitas seko massa lan kecepatan","Menurut ilmu fisika, momentum adalah kuantitas dari massa dan kecepatan."
soyo abot lan soyo banter sawijine barang,Semakin berat dan semakin cepat sebuah benda
mula momentum ke bisa gedhe,Maka semakin besar momentumnya
pada-pada nduweni kecepatan 100km per jam,"Sama-sama memiliki kecepatan 100 km per jam,"
momentu ke truck fuso lewih gedhe nalika ngalami tumbukan timbang avanza,Momentum truk fuso lebih besar dibanding avanza ketika mengalami tumbukan.
Truk pada-pada nduweni bobot sa ton,"Dua truk dengan berat sama-sama 1 ton,"
seng mlaku ing kecepatan 100 km per jam,truk yang berjalan dengan kecepatan 100 km per jam
nduweni momentum lewih gedhe,memiliki momentum yang lebih besar.
soyo banter lan soyo abot mula daya dobrak ke iso dhuwur,Semakin kencang dan berat maka sehingga daya dobraknya semakin tinggi
apa maksude iki?,Apa maksud dari ini?
dadi maksude tembok mbok kuwi ibarate masalah sajero ning urip,"jadi maksudnya Dinding itu ibarat masalah dalam hidup,"
dene bobot lan kecepatan kuwi ibarate modale awake dewe,sedangkan berat dan kecepatan adalah modal kita.
"kapasitas pribadi, kematangan, lan kadewasaan","Kapasitas pribadi, kematangan dan kedewasaan"
soyo mateng lan soyo akeh dukungan seng di nduweni,Semakin matang dan semakin banyak dukungan yang dimiliki
mula daya dobrak awake dewe dadri soyo gedhe,maka akan menghasilkan memiliki kekuatan yang semakin besar.
momentu ke iso tambah gedhe,MOmentumnya bisa bertambah besar
tembok utawa masalah ing urutan panguripane menungso iku beda-beda,"Dinding atau masalah dalam tatanan kehidupan manusia juga berbeda,"
cah umur welasan tahun karo wong umur likuran tahun masalah ke mesti beda,remaja di usia belasan dan orang di usia dua puluhan memiliki masalah yang berbeda.
seng di enggo ngatasi masalah uga beda,Yang dipakai untuk memecahkanmasalah juga beda
ana pirang-pirang momentum ing uripe awake dewe,Ada banyak momentum dalam hidup kita
seng iso kanggo pidakan urip ben iso lewih moncer,yang bisa kita jadikan sebagai momentum untuk menjalani hidup yang lebih berkualitas.
awit saka momentum ulang tahun,"Sejak momentum ulang tahun,"
kaping pisanan mlebu sekolah,"pertama kali masuk sekolah,"
dikhitan kanggo seng lanang,"khitanan untuk anak laki-laki,"
momentum akil baligh,"pubertas,"
"milih jurusan kuliah, kuliah","memilih jurusan kuliah, kuliah"
milih pengawean,"memilih pekerjaan,"
milih pasangan,"memilih pasangan,"
"rabi, nduwe anak","menikah, memiliki anak,"
"mantu, budal kaji","punya menantu, pergi haji"
kabeh kuwi iso dadi momentum kanggo awake dewek,Semua itu bisa menjadi momentum bagi kita
urutan sarta wektu momentume bisa beda-beda antara siji lan liyane,Urutan dan waktu momentum dapat bervariasi antara satu dan yang lain.
jatah umure ugo beda-beda,"Jatah usianya juga berbeda,"
nangin kanthi umum ana babagan seng pada seng iso di enggo cekelan,namun secara umum ada hal serupa yang bisa dipakai acuan.
sandurunge awake dewe lahir neng alam dunya,"Sebelum kita lahir ke dunia,"
itungan umur ndurung diterapake neng awake dewe alias isih nol,perhitungan umur masih belum berlaku bagi kita alias masih nol.
nol kuwi  artine masih neng alam roh,Nol artinya masih berada di alam roh.
ndurung nduwe jasad,belum memiliki jasad.
ing tembang macapat iki dilambangke ing tembang maskumambang,Dalam tembang macapat ini ada dalam fase maskumambang.
"sauwise maskumambang, jabangbayi ing jero wetenge ibu kuwi mijil utawa lahir","Setelah fase maskumambang, janin yang ada di dalam rahim ibu kemudian mijil atau lahir."
endoge wes pecah dadi angka siji,Telur telah pecah menjadi angka satu.
saka momentum mikil iki mula itungan cakra manggilingan wes di wiwiti,Dari momentum mijil inilah perhitungan cakra manggilingan telah dimulai.
angka siji kuwi simbol saka awal mulane kabeh babagan neng uripe awake dewe,Angka satu adalah simbol dari awal semua dalam kehidupan kita nanti
sauwise siji banjur loro,Setelah satu kemudian dua
loro kuwi simbol saka materi,Dua adalah simbol materi.
kenopo kok loro kuwi simbol materi,Mengapa angka dua adalah simbol materi?
mergo loro kuwi nduweni sifat dualitas,Karena angka dua memiliki sifat dualitas.
ana gedhe ana cilik,"Ada besar, ada kecil"
ana abot ana enteng,Ada berat ada ringan.
loro kuwi enggo perlambang  yen menungsa kuwi bakalan ngadepi pilihan-pilihan sajeroning urip,Dua juga simbol bahwa manusia akan menghadapi pilihan dalam hidupnya.
menungsa kuwi mesti kudu iso gawe keputusan,Manusia itu harus bisa membuat keputusan
ing tradisi jawa jaman mbiyen,"Dalam tradisi Jawa kuno,"
naliko bayi we ngancik umur pitung lapan,"ketika bayi berusia 7 lapan,"
ono upacara kanggi bayi seng jenenge pidhak lemah,"ada upacara buat bayi yang namanya ""Pidhak Lemah"""
artis-artis akeh sing ngelakoni iki,Banyak artis kita yang melakukan ini
ing acara kuwi biasane bayi diwenei sajeroning pilihan,"Dalam acara seperti itu, bayi biasanya diberikan pilihan berbagai barang."
ora kok kanggo ngeramal engko dadi opo nek wes gedhe,Bukan untuk meramal apa yang akan terjadi nanti setelah dia dewasa
nanging miturut penemuku iki kanggo ngelatih nggawe keputusan,tapi menurut saya ini untuk melatih membuat keputusan
sauwise loro banjur telu,Setelah dua lalu tiga.
telu kuwi simbol ideal,Tiga adalah simbol ideal.
ora mung awal lan akhir nanging telu kuwi ana neng tengah,Bukan hanya awal dan akhir tetapi juga ada tengah.
"neng ana titik cacahe loro disambungne, paling banter mung iso dadi garis","Jika dua titik terhubung, itu hanya bisa menjadi garis."
"nanging nek telu, ora mung garis neng iso dadi bentuk bangun datar ","Namun jika tiga titik, maka tidak hanya sekedar garis tetapi bisa menjadi bentuk bangun datar"
bangun datar segitiga,Bangun datar segitiga.
kanggo nggawe bangun datar paling ora dibutuhna telu titik,Untuk membuat bangun datar setidaknya diperlukan tiga titik.
sauwise telu saiki papat,Setelah tiga lalu empat.
"variasine ora mung awal, tengah lan akhir","Variasinya bukan hanya awal, tengah dan akhir"
ning lewih kompleks,Namun lebih kompleks.
ana tengah sing rada awal lan tengah seng ana ing rada akhir,Ada tengah yang agak awal dan ada tengah yang agak akhir.
iki maksude kecenderungan ,Ini maksudnya kecenderungan.
menungsa kuwi ora iso neng tengah persis,"Manusia tidak bisa berada di tengah persis,"
mesti ana kecenderungan rada maju apa rada mundur,pasti ada kecenderungan agak sedikit maju atau sedikit mundur
rada ngiwo apa rada nengen sithik,sedikit ke kiri atau sedikit ke kanan.
yen wong tuane iso menei pengaruh seng apik ket umur iki,Jika orang tua dapat memberikan pengaruh positif pada kelompok usia ini
mula kuwi iso ketandur kuat ing karaktere bocah  ,maka dapat menjadi penanaman yang kuat dalam karakter anak.
sauwise papat banjur lima,"Setelah empat kemudian lima,"
lima kuwi variasine lewih kompleks,lima itu variasainya lebih kompleks
"mula sauwise limang tahun, menungsa kuwi wes ora di arani balita","Maka setelah lima tahun, manusia tidak lagi disebut balita."
balita kuwi bawah lima tahun,Balita adalah bawah lima tahun.
iki momentum,Ini adalah momentum.
sauwise lima banjur enem,Setelah lima kemudian enam.
enem kuwi wes dudu bayi nanging bocah,Usia enam tahun itu sudah tidak disebut bayi lagi melainkan anak-anak.
enem nganti sepuluh kuwi variasi bentuke soyo akeh,Enam sampai sepuluh variasi bentuknya semakin berkembang.
ing falsafah jawa momentum iki ana ing tembang sinom,Dalam filsafat Jawa momentum ini ada pada tembang sinom.
sinom kuwi enom,Sinom adalah usia muda.
ing fase iki pengaruh wong tua kenthel banget sajeroning menehi karakter dasar ning anak,Pada fase ini pengaruh orang tua sangat berperan dalam memberikan karakter dasar kepada anak.
wong tua kuwi kudu iso menehi memori sing apik neng anak,Orang tua harus bisa memberikan kenangan yang baik pada anak
lan wong tua kuwi uga kudu iso menehi pangarep,dan orang tua harus bisa memberikan harapan atau motivasi.
nek bocah nduwe pangarep sekolah seng nduwur,Jika seorang anak memiliki harapan sekolah yang tinggi
ojo di pengga senajan wong tuane ora nduwe,jangan dilemahkan meskipun orang tuanya tidak mampu secara finansial.
"iki penting, mergo umur-umur semono iki pancen angen-angene bocah ","Ini penting, mereka dalam fase ini benar-benar memiliki imajinasi dan harapan yang tinggi."
sauwise sepuluh banjur mlebu ing angka welasan,Setelah sepuluh kemudian masukkan angka belasan
"sewelas, rowelas, teluwelas, patwelas, limawelas, nemwelas, pituwelas, woluwelas, songowelas","Sebelas, dua belas, tiga belas empat belas, lima belas, enam belas tujuh belas delapan belas sembilan belas."
angka-angka iki ana ing fase tembang kinanthi ing macapat,Angka-angka ini ada dalam fase lagu Kinanthi dalam Macapat.
wayahe mbentuk jati diri lan awitan dalan kanggo nggayuh cita-cita,Saatnya untuk membentuk identitas dan rintisan jalan untuk mencapai tujuan seseorang.
kinanthi asale saka tembung tun lan kanthi,Kinanti berasal dari kata tuntunan dan kanthi
kang tegese bocah kuwi kudu tuntunan dalan seng bener,yang artinya anak itu membutuhkan tuntunan jalan yang benar
tuntunan seko wong tua supaya gegayuhane iso kawujud,Tuntunan dari orang tuanya agar cita-citanya dapat terpenuhi
tuntunan pisanan seng kudu diterapake yaiku welas asih,Pedoman pertama yang harus diterapkan adalah tentang kasih sayang.
mula kenapa angka sewelas ing bahasa jawa ora diarani sepuluh siji,Itulah sebabnya angka sebelas dalam bahasa Jawa tidak disebut sepuluh satu.
nanging ana tembung welas ing mburine,Tapi ada kata welas sebagai akhiran.
iki artine ket umur sewelas tahun ,"ini artinya Sejak usia sebelas tahun,"
bocah-bocah kuwi kudu wes wulang rasa welas asih,anak-anak harus sudah diajari kasih sayang.
kuwi nek miturut falsafah jawa,Itu menurut falsafah jawa
sewelas nganti sangawelas kuwi wayahe bocah-bocah diwenei tuntunan ,Sebelas sampai sembilan belas adalah masa dimana anak-anak diberikan bimbingan
seng bener nganggo cara seng uga welas asih,yang tepat dengan cara yang juga penuh kasih sayang.
mergo umur-umur semono kuwi bocah-bocah ora iso dikasari,Di usia tersebut anak-anak tidak bisa diasuh dengan kekerasan
yen dikasari bakale malah mbrontak,jika dikasari malah akan memberontak.
kadang di kencengi kadang dikendoni kaya wong manjer layangan,Kadang kencang dan kadang kendor seperti bermain layang-layang yang terbang.
ing fase iki bocah ugo kudu dituntun milih spesialisasi ilmu,Pada fase ini anak juga harus dibimbing untuk memilih peminatan ilmu.
biasane neng SMA ana pilihan IPA opo IPS,Biasanya di SMA sudah ada spesialisai IPA atau IPS
"panjer nek kuliah, kuwi jukok jurusan apa, kuwi wes kudu diawiti saka umur iki","jika Anda mau kuliah, mau mengambil jurusan apa, itu harus ditentukan di usia ini."
iki momentum penting kanggo mbangun kompetensi koyo tak sebutke neng ing wiwitan mau ,Ini adalah momentum penting untuk membangun kompetensi seperti yang saya sebutkan di awal tadi.
"soal truk tronton, kapasitas","Tentang momentum truk tronton, kapasitas pribadi"
sauwise banjur ngidhak neng angka likuran,Setelah belasan mari kita lanjut ke angka dua puluhan
selikur nganti sangalikur,Dua puluh satu hingga duapuluh sembilan
"ing bahasa indonesia angka rongpuluh kuwi lumrahe diucapke duapuluh , duapuluh satu",Dalam bahasa Indonesia angka dua puluh 
"duapuluh dua, dua puluh tiga, duapuluh empat, lan sateruse","dua puluh dua, dua puluh tiga, dua puluh empat dan seterusnya"
nanging ing bahasa jawa dua puluh satu kuwi ora diarani rongpuluh siji,"tetapi dalam bahasa Jawa dua puluh satu bukan dua puluh satu,"
nanging diarani selikur,namun disebut selikur
duapuluh dua kuwi rolikur,dua puluh dua adalah rolikur
"telulikur, patlikur","telulikur, patlikur"
lan sa banjure,dan seterusnya
apa maksude likur iki,"Apa arti dari ""likur"" ini?"
likur kuwi nduweni teges linggih kursi,"likur berarti ""duduk di kursi""."
ing kawuruh jawa iki diarani kerata basa,Dalam budaya Jawa ini disebut kerata basa.
contohe garwa kuwi sigare nyawa,Misalnya seorang garwa adalah belahan jiwa
guru kuwi digugu lan ditiru,guru adalah dipatuhi dan ditiru.
nah likur kuwi linggih kursi,Nah likur adalah duduk di kursi.
li kuwi linggih kur kuwi kursi,li adalah linngih kur adalah kursi
"maksude wiwit umur selikur, wong jawa kudu wes mulai nggrintis kanggo lungguh neng kursi","Artinya sejak usia dua puluh satu, orang jawa harus sudah mulai merintis duduk di kursi"
utawa linggih kursi profesi seng sesuai karo kepribadiane,atau duduk pada profesi yang sesuai dengan kepribadiannya.
umur rongpuluhan iku momentum,Usia dua puluhan adalah momentum.
yen umur welasan kuwi momentum kanggo milih sekolah utawi soko kanggo sinau,"Jika usia belasan adalah momentum untuk memilih sekolah atau sesuatu untuk dipelajari,"
dadi umur rongpuluhan kuwi momentum kanggo nekuni apa sing wes awake dewe sinaui,maka usia dua puluhan adalah momentum untuk menekuni apa yang telah Anda pelajari
Godaan sing ngiringi fase rong puluhan iki yaiku babagan asmara,Godaan godaan yang menyertai fase dua puluhan ini adalah soal percintaan.
Tahap iki ana ing tembang macapat lan ing tembang Asmaradana.,Fase ini adalam tembang macapat da pada lagu asmarandana.
Iki minangka fase penting kanggo nggawe keputusan.,Ini adalah fase penting dalam pengambilan keputusan.
Aku mikir ana telung keputusan penting ing urip kita.,Menurut saya ada tiga keputusan penting dalam hidup kita.
Loro-lorone dijupuk ing umur rong puluhan,Dua diantaranya diambil pada usia duapuluhan
"Sing pertama yaiku keputusan kanggo milih jurusan utawa ilmu apa sing sampeyan pengin sinau,","Yang pertama adalah keputusan untuk memilih jurusan atau ilmu apa yang ingin dipelajari,"
"iki dijupuk ing cah anom, kaloro","ini diambil dalam usia belasan, yang kedua"
yaiku keputusan kanggo milih profesi utawa karir sing pengin digayuh,adalah keputusan untuk memilih profesi atau karir yang ingin ditekuni
iku ing fase rong puluhan,itu pada fase usia duapuluhan
lan kaputusan katelu iku kaputusan kanggo milih partner.,dan keputusan yang ketiga adalah keputusan untuk memilih pasangan.
Wong kaya apa sing cocok kanggo ngancani urip ing donya iki,Pribadi seperti apa yang cocok untuk menemani kita menjalani hidup di dunia ini
dadi,Jadi
Umur rong puluhan kudu fokus ing ketekunan.,Usia duapuluhan harus fokus pada ketekunan.
Tinimbang fokus ing masalah asmara.,Bukannya fokus pada masalah romantisme.
Fokus sapa sing pantes dadi bojo,"Fokus pada siapa yang akan pantas menjadi seorang istri/suami,"
ora fokus seneng-seneng karo pacar.,bukan fokus bersenang-senang dengan pacar Anda.
"Sampeyan bisa ngganti jurusan salah, sampeyan isih bisa ngganti",Salah memilih jurusan masih bisa anda ubah
"nanging pilihan bojo sing salah ora bisa diganti,","tapi salah memilih suami/istri tidak bisa diubah,"
"Sanadyan bisa, mesthi bakal angel lan bakal ninggalake bekas.","Kalaupun bisa, tentu itu sulit dan akan meninggalkan luka."
Mulane ing umur rong puluhan kita kudu bisa milih kursi sing pas kanggo awake dhewe.,Itu sebabnya di usia dua puluhan kita harus bisa memilih kursi yang tepat untuk diri kita.
Kalebu kursi manten.,Termasuk kursi pengantin.
Napa selwe ora diarani limo likur?,Mengapa selawe tidak disebut limo likur?
Amarga iki minangka nomer khusus sing uga dianggep minangka momentum.,Karena ini adalah angka spesial yang juga dianggap sebagai momentum.
Selawe tegese wektu seneng-seneng antarane lanang lan wadon.,Selawe berarti masa bersenang-senang antara laki-laki dan perempuan.
Wong Jawa nganggep umur pitulikur iku umur sing pas kanggo miwiti omah-omah.,Orang Jawa menganggap bahwa pada usia dua puluh lima adalah usia yang tepat untuk memulai pernikahan.
Rong puluh lima minangka referensi,Dua puluh lima adalah acuan
Dadi umur rong puluh lima taun minangka fase sing cocog kanggo omah-omah,Jadi usia dua puluh lima itu merupakan fase ideal untuk menikah
"Miturut filosofi Jawa, miturut teges asmane.","Menurut falsafah jawa, menurut arti namanya."
Fase menika kinandhut ing tembang macapat gambuh.,Fase ini terdapat dalam lagu macapat gambuh.
Gambuh asale saka tembung jumbuh utawa nyawiji.,Gambuh berasal dari kata jumbuh atau bersatu.
Tembang iki isine janji utawa janji,Lagu ini bercerita tentang sebuah janji atau komitmen
nyawiji katresnan kanggo miwiti rumah tangga,menyatukan rasa cinta untuk memulai rumah tangga
"Sawise rong puluh taun, kita saiki umur telung puluhan.","Setelah dua puluh tahunan, sekarang kita menginjak usia tiga puluhan."
Telung puluh siji nganti telung puluh sanga.,Tiga puluh satu sampai tiga puluh sembilan.
Ing umur iki kita mlebu fase Dhandhanggula.,Pada usia ini kita memasuki fase Dhandhanggula.
Gegambaran fase iki yaiku urip wis ngidak tataran stabilitas lan kesejahteraan sosial.,Gambaran fase ini adalah kehidupan yang telah menapak tahap stabilitas dan kesejahteraan sosial.
Dadi papan pangan lan sandhang wis rampung.,Jadi sudah terpenuhi sandang pangan papan.
Saiki ayo pindhah menyang patang puluh kita.,Sekarang mari kita menapak usia empat puluhan.
Iki minangka umur penting ing urip kita,Ini adalah usia yang penting dalam kehidupan kita
"Kabeh iku penting, nanging iki minangka tonggak sejarah sing padha","Semuanya penting, namun ini merupakan tonggak yang juga tidak kalah penting"
Amarga Nabi Muhammad wis diangkat dadi rasul nalika umur patang puluh.,Karena Nabi Muhammad diangkat sebagai rasul pada usia empat puluh.
"Yen umur sadurunge kanggo mbangun kapasitas kita dhewe,","Jika usia sebelumnya adalah untuk membangun kapasitas kita sendiri,"
ing umur patang puluh saenipun kita uga kudu mikir bab wong liya.,pada usia empat puluhan ini idealnya kita juga harus memikirkan orang lain.
Kudu sedekah utawa sedekah.,Harus beramal atau sedekah.
Ing tembang macapat iki disimbolake ing tembang durmo.,Dalam lagu macapat ini disimbolkan dalam lagu durmo.
Sejatine manungsa sing paling apik yaiku sing migunani kanggo wong liya.,"Sebenarnya , sebaik-baiknya manusia adalah yang bermanfaat bagi orang lain."
"Yen sampeyan bisa entuk manfaat saka sedekah sodaqoh, sampeyan bisa nggunakake dhuwit,","Jika Anda dapat memberi manfaat dengan amal sodaqoh, Anda bisa menggunakan uang,"
"yen sampeyan bisa nindakake kabecikan kanthi pikiran utawa kawruh,","jika Anda mampu beramal dengan pikiran atau ilmu,"
Banjur sampeyan bisa nularake kawruh sing migunani,Maka anda bisa menularkan ilmu yang bermanfaat
yen sampeyan bisa nggunakake energi banjur nggunakake energi,jika Anda mampunya menngunakan tenaga ya gunakanlah tenaga
"Yen sampeyan bisa nindakake kabeh, mesthi luwih apik",Jika bisa semua ya tentu lebih baik
pangkur ,Pangkur
Sakwise sekawan dasa lanjeng seket,Setelah empat puluh kemudian lima puluh.
Menapa boten dipun sebut seket?,Kenapa tidak disebut limang puluh?
"Menapa naminipun ""seket""?","Kenapa namnya ""Seket""?"
Iku ana maknane,Itu ada maknanya.
"Seket yaiku kiasan saka ungkapan ""seneng nganggo kethu""","Seket adalah kiasan dari ungkapan ""suka memakai kethu""."
Kethu yaiku kopiah utawa topi sing biasane dienggo yen arep menyang masjid,Kethu adalah kopiah atau topi yang biasa kita pakai saat pergi ke masjid.
"Kethu, Kopiah utawa kupluk, bentuke kaya ngene","Kethu, kopiah atau kupluk, bentuknya seperti ini"
Nah..,Nah...
"Iki sing diarani kethu, utawa kopiah utawa kupluk","Ini yang namanya kethu, atau kopiah atau kupluk"
Seket tahun kuwi yen ing Jawa sampun dianggep sepuh,Limapuluh tahunan itu kalau di Jawa sudah dianggap tua
Mulakno disarankake supaya pada gelem ngakeh-akehi anggone ibadah lan ,Maka disarankan agar mereka bersedia memperbanyak beribadah dan
Nahan awakdewe saka prilaku ingkah ala,menahan diri dari perilaku buruk.
Ing filosofi Jawa babagan iki ana ing lagu macapat pangkur,Dalam filosofi Jawa hal ini terdapat dalam lagu macapat pangkur.
Pangkur tegese gelem nolak lan nyingkiri saka nafsu sing ora becik,Pangkur artinya rela menolak dan menyingkir dari nafsu yang buruk.
"Saka prilaku ala, saka prilaku maksiat","Dari tingkah laku yang jelek, dari perbuatan maksiat"
Uwis wayahe kanggo pasrah,Sudah saatnya untuk pasrah.
Iki uga sing dadi alesan ngapa umur pensiunan pegawe negeri sipil lan pegawe lainne,Ini juga yang menjadi alasan mengapa usia pensiun pegawai negeri sipil dan pegawai lainnya
Biasane ana ing umur seket tekan seket wolu,biasanya pada usia lima puluh lima sampai lima puluh delapan.
yen guru biasane sewidak,Kalau guru biasanya enam puluh
Amarga umur seket pancen kudu uwis pasrah,Karena usia lima puluh memang seharusnya sudah pasrah
Nempatke kepinginan donyo diganti karo kesenangan akhirat,menempatkan keinginan dunia diganti dengan kesenangan akhirat
karo simbol kethu,dengan simbol kethu
"Seneng nganggo kethu, berarti seneng lungo ing masjid, seneng ngelakokake sholat","Suka memakai kethu, berarti suka pergi ke majid, suka melakukan sholat"
Sakwise seket banjur sewidak ,Setelah lima puluh kemudian enam puluh atau sewidak.
"Menapa bahasa Jawane ora nempuluh, ananging sewidak, tegese","Mengapa bahasa jawanya tidak nempuluh, tetapi sewidak, inilah artinya."
Menapa guru pensiunan uga ing umur sewidak,Kenapa guru pensiuannya juga di usia enam puluh
sewidak kuwi tegese wayahe kanggo lungo,Enam puluh berarti sudah waktunya untuk pergi.
"Yen akdewe umur sewidak, dadi sakmestine kabeh tujuan akdewe udu lagi dinggo ing donyo","Jika kita berumur enam puluh tahun, maka seharusnya semua tujuan kita bukan lagi untuk dunia"
Sak kabehe iku dienggo marang Gusti,semuanya adalah untuk Tuhan.
"Sak tenan kabeh kuwi uga berlaku ing umur sak durunge, ananging iku dadi momentum wates akhir","Sebenarnya ini seharusnya juga berlaku di usia sebelumnya, namun ini adalah momentum batas akhir"
Nabi Muhammad wafat ing umur sewidak tiga tahun,Nabi Muhammad wafat pada usia enam puluh tiga tahun.
"Dadi yen akdewe diwenehi umurlluwih saka umur iki, dadi kuwi bonuse","Jadi jika kita diberi usia lebih dari usia ini, maka itu adalah bonus."
Lan bonus umur kuwi kudu akdewe manfaatkake ingkang becik sakduruge akdewe lungo utawi bali ing asal usul rohe akdewe,Dan bonus umur itu harus kita manfaatkan dengan baik sebelum kita pergi atau kembali ke asal usul roh kita
MEGATRUH ,MEGATRUH
Watesan urip manungsa ing donyo iki ana ing falsafah Jawa ana ing lagu macapat megatruh,Batasan hidup manusia di dunia ini dalam falsafah jawa ada pada lagu macapat megatruh.
Megatruh utawi megat roh artine kepisah nyawane saka jasade ,Megatruh atau megat roh berarti terpisahnya nyawa dari jasad.
Sakwise fase mati sabanjure sing ana ing lagu macapat berjudul pocung,Setelah mati fase selanjutnya yang juga ada di lagu macapat berjudul pocung.
POCONG,POCUNG
Pocung iku tegese akdewe uwis dadi pocong,Pocung itu artinya kita sudah menjadi pocong.
Jiwanya dadi balik marang Gusti,Jiwanya telah kembali ke Tuhan
lan awak wis dibungkus kain kafan putih,dan tubuhnya telah terbungkus kain kafan putih.
"Nalika akdewe uwis dadi pocong, ora ana meneh sing isa akdewe dadekake bekal sing layak saliyane amalan  ","Ketika kita sudah menjadi pocong, tidak ada lagi yang bisa kita jadikan bekal yang layak selain amal."
Kekayaan lan jabatan ora digunakake meneh,Kekayaan dan jabatan tidak berguna lagi
Kejaba sakdurunge digunakake dadi amalan saleh utawa amalan jariyah,kecuali sebelumnya digunakan sebagai amal saleh atau amal jariyah.
ilmu lan kepinteran ora guna meneh kajaba ilmune sakdureng iso dimanfaatke,Ilmu dan kepintaran tidak berguna lagi kecuali jika sebelumnya dimanfaatkan sebagai ilmu yang bermanfaat.
Keturunan ora iso diandelkake meneh kajaba sak durunge padha dididik dadi bocah - bocah ingkang berbudi luhur,Keturunan tidak dapat diandalkan lagi kecuali sebelumnya mereka telah dididik menjadi anak-anak yang berbudi luhur.
Kabeh urusan donyo uwis pedhot kajaba telu babagan iki,Semua urusan dunia telah terputus kecuali tiga hal ini.
"Iku tegese amal jariyah, ilmu ingkang manfaat lan bocah sing berbudi luhur (sholih lan sholihah)","Itu adalah amal jariyah, ilmu yang bermanfaat dan anak yang berbudi luhur (sholih dan sholihah)"
Supaya iso paham kiasan Jawa iku dibutuhkake kedewasaan,Untuk bisa memahami kiasan jawa ini dibutuhkan banyak kedewasaan
"Menapa ana uwong sing iseh enom nanging uwis sukses, uwis mateng","Kenapa ada orang yang masih muda tapi sudah sukses, sudah matang"
lan sakwalike menapa ana uwong sing uwis tua nanging urung dewasa,dan sebaliknya kenapa ada orang yang sudah tua tapi belum dewasa.
Amarga umur udulah ukuran kematengan mental utawa kedewasaan,Karena usia bukanlah ukuran kematangan mental atau kedewasaan.
"Tua iku pasti, dewasa iku pilihan, ndisek ana iklan ing TV ngene ki unine. lan kuwi bener","Tua itu pasti, dewasa itu pilihan, dulu ada iklan di TV seperti itu bunyinya. Dan itu benar"
kanggo dadi dewasa awakdewe butuh ilmu,Untuk menjadi dewasa kita membutuhkan ilmu.
"Fase-fase ing filsafat Jawa mung dadi acuan,","Fase-fase dalam filsafat Jawa hanyalah acuan,"
"Urung tentu pada persis kaya ngunu, amarga momentum uwong siji lain sijine kuwi beda","belum tentu persis seperti itu, karena momentum orang satu dan orang lain berbeda."
Jatah umur kuwi beda beda,Jatah usianya juga berbeda
Nanging paling ora akdewe iso ajar saka babagan iki anggone duwe acuan,"Tapi setidaknya ketika kita belajar hal ini, kita bisa jadi punya acuan"
Supaya ora akeh metu saka dalane,Sehingga tidak banyak keluar dari jalur
Mungkin iki ana manfaate,Mungkin saja ini ada manfaatnya
"Yen panjenengan gelem nampi Alhamdulillah, yen ora njih mboten napa - napa","Jika anda mau menerimanya alhamdulilah, jika tidak juga tidak apa-apa"
Matur suwun sampun nggatekake teka akhir,Terimakasih sudah menyimak hingga akhir
Wassalamualaikum warohmatullohi wabarokatuh,Wassalamualaikum warohmatullohi wabarokatuh
